NOMBRES	APELLIDOS	EMAIL	TELÉFONO	PAIS
Carlos Eduardo	Córdoba Martínez	pruebaslealdesarrollo@gmail.com	3112869073	COL
Daniela 	Gonzalez Ortiz	pruebaslealdesarrollo@gmail.com	3112869073	COL
Gerardo Martin	Mello Alvarez	pruebaslealdesarrollo@gmail.com	3112869073	COL
Carlos	Cantor	pruebaslealdesarrollo@gmail.com	3112869073	COL
JOAN SEBASTIAN 	 GUEVARA BERMUDEZ	pruebaslealdesarrollo@gmail.com	3112869073	COL
Yamilet 	Bermudez 	pruebaslealdesarrollo@gmail.com	3112869073	COL
Yolanda 	Rodriguez 	pruebaslealdesarrollo@gmail.com	3112869073	COL
Leidy Marcela 	Bermudez Rodríguez 	pruebaslealdesarrollo@gmail.com	3112869073	COL
Nataly 	Bermudez Rodríguez 	pruebaslealdesarrollo@gmail.com	3112869073	COL
Yolanda	Rodriguez 	pruebaslealdesarrollo@gmail.com	3112869073	COL
				
				
				
				
				
				
				
				
				
				
				
				
				
				
				
				
				
				
				
				
				
				
				
				
				
				
				
				
				
				
				
				
				
				
				
				
				
				
				
				
				
				
				
				
				
				
				
				
				
				
				
				
				
				
				
				
				
				
				
				
				
				
				
				
				
				
				
				
				
				
				
				
				
				
				
				
				
				
				
				
				
				
				
				
				
				
				
				
				
				
				
				
				
				
				
				
				
				
				
				
				
				
				
				
				
				
				
				
				
				
				
				
				
				
				
				
				
				
				
				
				
				
				
				
				
				
				
				
				
				
				
				
				
				
				
				
				
				
				
				
				
				
				
				
				
				
				
				
				
				
				
				
				
				
				
				
				
				
				
				
				
				
				
				
				
				
				
				
				
				
				
				
				
				
				
				
				
				
				
				
				
				
				
				
				
				
				
				
				
				
				
				
				
				
				
				
				
				
				
				
				
				
				
				
				
				
				
				
				
				
				
				
				
				
				
				
				
				
				
				
				
				
				
				
				
				
				
				
				
				
				
				
				
				
				
				
				
				
				
				
				
				
				
				
				
				
				
				
				
				
				
				
				
				
				
				
				
				
				
				
				
				
				
				
				
				
				
				
				
				
				
				
				
				
				
				
				
				
				
				
				
				
				
				
				
				
				
				
				
				
				
				
				
				
				
				
				
				
				
				
				
				
				
				
				
				
				
				
				
				
				
				
				
				
				
				
				
				
				
				
				
				
				
				
				
				
				
				
				
				
				
				
				
				
				
				
				
				
				
				
				
				
				
				
				
				
				
				
				
				
				
				
				
				
				
				
				
				
				
				
				
				
				
				
				
				
				
				
				
				
				
				
				
				
				
				
				
				
				
				
				
				
